专辑中文名	序号	官方英文曲名(Apple官方目录)	官方日文曲名(Apple官方目录)
行于命途1	1	Next Stop, the Stars!	次の駅は——銀河!
行于命途1	2	Let's Take a Photo!	ハイ、チーズ!
行于命途1	3	Your Choice	「君」の選択
行于命途1	4	The Cusp of Ignition!	即・爆破!
行于命途1	5	To You Who Will Soon Depart	まもなく旅立つ君
行于命途1	6	Space Comedy	スペースコメディ
行于命途1	7	In Torrid Heat	乾燥注意報
行于命途1	8	Tempered Chill	寒刃砥礪
行于命途1	9	Star Chaser	星を追う者
行于命途1	10	In the Name of Landau	ランドゥーの名の下に
行于命途1	11	Uneventful Night	穏やかな夜
行于命途1	12	Fables About the Stars Part 1	星空の寓話集・その一
行于命途1	13	A Flash	飛光
行于命途1	14	Heaven and Earth as a Chessboard	天地を枰と為す
行于命途1	15	Galactic Roaming	銀河漫遊
行于命途1	16	Got a Date?	面白いじゃん
行于命途1	17	The Traveler And His Oath	行者の誓い
行于命途1	18	Even Immortality Ends	仙骸に果て有り
行于命途1	19	Death Approaches	死兆、来たれり
行于命途1	20	A Dramatic Irony	ドラマティック・アイロニー
行于命途1	21	The Jepella Rebellion	ヤペラー反逆事件
行于命途1	22	Celestial Eyes Above Mortal Ruins	業塵を映す天鏡
行于命途1	23	General of All Affairs at the Seat of Divine Foresight	神策府総司一切事務管理将軍
行于命途1	24	The Prodigal's Return	いざ帰ろう
行于命途1	25	Exodus of the Five Dragons	五龍遠徙
行于命途1	26	Ichor of Two Dragons	玄黄
行于命途1	27	Omniscia Spares None	遺漏なき法眼
行于命途1	28	Grasp the Stars	手のひらの宇宙
行于命途1	29	Jolted Awake From a Winter Dream	冬の夢から目覚めて
行于命途1	30	On Swords	説剣
行于命途1	31	Swordward	切先は戻らぬ
行于命途1	32	Selection, Planning, and Opportunity	選別、計画と好機
行于命途1	33	Expert Tutorial	エキスパート教育
行于命途2	1	The Crepuscule Zone	迷離幻夜譚
行于命途2	2	Night of Thrills	還魂の夜
行于命途2	3	Chivalric Romances	騎士道物語
行于命途2	4	A Story That Never Grows Dull	進化し続ける物語
行于命途2	5	Crown of the Mundane and Divine	只人と神の栄冠
行于命途2	6	Transcendent Ruan Tunes, Blushing Mei Blooms	阮咸の音 華裳に落ちて、粧いの如く梅出づる
行于命途2	7	In All Does Life Flow	万物に流るる命
行于命途2	8	Supreme Idiocy	愚の骨頂
行于命途2	9	A Night of Ever-Flame: Scene 33	永火の一夜:第33場
行于命途2	10	A Revisiting of Past Dreams	旧夢の追憶
行于命途2	11	Lullaby	子守唄
行于命途2	12	Harmony Greets the New Year	太平迎新歳
行于命途2	13	Welcome to Dreamville! Part.1	ドリームタウンへようこそ!Part.1
行于命途2	14	Welcome to Dreamville! Part.2	ドリームタウンへようこそ!Part.2
行于命途2	15	Welcome to Dreamville! Part.3	ドリームタウンへようこそ!Part.3
行于命途2	16	Monodrama	独り芝居
行于命途2	17	Sparkle: Behind the Curtain	花火:舞台裏の記録
行于命途2	18	Your Color	君の色
行于命途2	19	Kyoden: A Cleave Across the Transient World	虚譚・浮世三千一刀繚断
行于命途2	20	Rondo Across Countless Kalpas	永劫の輪舞
行于命途2	21	Into the Yawning Chasm	深淵への狂走
行于命途2	22	Wanna Go Have Some Fun!	一緒に出かけよう!
行于命途3	1	The Golden Touch	金の造り手
行于命途3	2	Then Wake to Weep	涙は目覚めの後で
行于命途3	3	Before the Show Starts	コンサート開演前
行于命途3	4	If We Had Wings	もし、翼があったら
行于命途3	5	Cowboy's Got Business	カウボーイは忙しい
行于命途3	6	Farewell, Penacony	さよなら、ピノコニー
行于命途3	7	Art of Dreaming	夢想の芸術
行于命途3	8	Presently, Beneath a Shared Sky of Stars	今、同じ星空の下で
行于命途3	9	The Embers of Glamoth	グラモスの余燼
行于命途3	10	Embers in a Shell	殻の中の蛍火
行于命途3	11	A Collection of Desires	欲望コレクション
行于命途3	12	Stoneheart's Oath Ring: Both Ends of the Scale	誓環の石心・天秤の両端
行于命途3	13	Finest Duel Under the Pristine Blue	風起雲湧、相見える鋒鋩
行于命途3	14	Challenges Come Anywhere, Anytime	挑戦は、至るところに
行于命途3	15	Mind the Swelter, Watch the Furnace	火の用心、魔剣1本鍛冶の元
行于命途3	16	Serendipity	偶然の出来事
行于命途3	17	Pneumanull Rice	昇天飯
行于命途3	18	Flying Aureus Shot to Lupine Rue	碧羽飛黄、射られる天狼
行于命途3	19	The Arrow that Seeks the Stars	星を追う飛矢
行于命途3	20	Taking It Easy	悠々自適
行于命途3	21	Nothing to Laugh At	君、笑うこと莫れ
行于命途4	1	Burning Scent of Home	沈香を焚く
行于命途4	2	Annals of Pinecany's Mappō Age	毘乃昆尼末法筆録
行于命途4	3	Cosmic Ninjutsu Inscriptions — Havoc Exorcism: Lunar Vileslayer Scroll	銀河忍法帖・乱武破邪斬月之巻
行于命途4	4	A New Venture on the Eighth Dawn	八日目の旅立ち
行于命途4	5	Amphoreus' Saga of Heroes	オンパロス英雄記
行于命途4	6	After the Sunset	太陽が沈んだ後
行于命途4	7	Soloist	ソリスト
行于命途4	8	The Worlds You've Never Been	あなたが辿り着いたことのない世界
行于命途4	9	Unlike a Floating Cloud	浮雲とは似て非なり
行于命途4	10	Wordless	子不語
行于命途4	11	Stars, Silent as Enigmas	謎のように沈黙する星々
行于命途4	12	T H E H E R T A ' S M A G I C K I T C H E N	マ ダ ム ヘ ル タ の 魔 法 キ ッ チ ン
行于命途4	13	Geniuses in the Universe	宇宙天才伝説
行于命途4	14	Deadly Romance	致命的な浪漫
行于命途4	15	Light Slips the Gate, Shadow Greets the Throne	始まりの門と終わりの玉座
行于命途4	16	The First Dawn of Destiny	運命の最初の黎明
行于命途4	17	Children Know Nothing	子供の言葉は純真無垢
行于命途4	18	Wrath of Man	人間の怒り
行于命途4	19	Through the Petals in the Land of Repose	安眠の地の花海を歩いて
行于命途4	20	The Long Night of Serenity	安らかに眠る長夜
行于命途4	21	Life Awakens from the Night	夜から目覚める生命
行于命途4	22	Epitaph	墓碑銘
行于命途5	1	The Sin of Pride	無辜の身
行于命途5	2	Filming in Progress	撮影中
行于命途5	3	The Fall at Dawn's Rise	夜明け前に迎える崩落
行于命途5	4	Always Here to Help	なんでも解決!
行于命途5	5	Piece of Cake	楽勝、楽勝!
行于命途5	6	For the Sun is Set to Die	破滅へ向かう太陽
行于命途5	7	Fables About the Stars Part 2	星空の寓話集・その二
行于命途5	8	Coronal Radiance	烈日の栄冠
行于命途5	9	A Long 'Fated' Meeting	遅すぎた出会い
行于命途5	10	Trailblazer	開拓者
行于命途5	11	Daughter of the Sea (feat. Alkyone)	海の娘 (feat. Alkyone)
行于命途5	12	Step Onto the Board	盤上に上がる
行于命途5	13	Back to Earth in Evernight	長き夜に再び大地へ
行于命途5	14	Dear March 7th	親愛なるなのかへ
行于命途5	15	Night Falls, Everyone, Close Your Eyes	夜がきました、目を閉じてください
行于命途5	16	Trek	山河を越えて
行于命途5	17	Home	帰るべき場所
行于命途5	18	As Tomorrow Became Yesterday	明日は昨日に
行于命途5	19	Exotale: Scene 8	物語の外側:第8幕
行于命途5	20	Farewell, Cyrene	さようなら、キュレネ
行于命途5	21	With You Once More	もういちどあなたと
行于命途5	22	Memories are the Prelude to Dreams	記憶は夢のプロローグ
行于命途5	23	The Final Note	一曲の終わり
