专辑中文名	序号	官方日文曲名	日区专辑id
行于命途6	1	鉄墓との戦いの後、公式で語られなかった真実!	6795392477
行于命途6	2	星間平和提言:反壊滅同盟	6795392477
行于命途6	3	月満ちる時に神はなし	6795392477
行于命途6	4	吉凶の彼方	6795392477
行于命途6	5	万事順調	6795392477
行于命途6	6	荒れ狂う暁の空	6795392477
行于命途6	7	狼が来た	6795392477
行于命途6	8	そして、人々の笑いが響き渡る	6795392477
行于命途6	9	午後の死	6795392477
行于命途6	10	初心者ガイド	6795392477
行于命途6	11	第999幕:GAME NOT OVER	6795392477
行于命途6	12	私だけカンストな件	6795392477
行于命途6	13	このゲーム、まともに遊べるの?	6795392477
行于命途6	14	彼女の日常	6795392477
行于命途6	15	生者、彼岸へ渡りて	6795392477
行于命途6	16	滅度	6795392477
行于命途6	17	愉悦の死	6795392477
行于命途6	18	汽笛は轟く、帰寂のさなかに	6795392477
行于命途6	19	仰ぎ見る者へ	6795392477
行于命途6	20	あんたの終点、私の始まり	6795392477
行于命途6	21	今宵、明けの明星が墜ちる	6795392477
行于命途6	22	久しぶりの再会	6795392477
失控	1	スターレイル	1678460773
失控	2	星海漫遊	1678460773
失控	3	ゲームスタート	1678460773
失控	4	フリースタイル	1678460773
失控	5	群星の呼び声	1678460773
失控	6	SF小説	1678460773
失控	7	漂流惑星	1678460773
失控	8	クライシス	1678460773
失控	9	一触即発	1678460773
失控	10	魂の奥底	1678460773
失控	11	没入感	1678460773
失控	12	ミステリー映画	1678460773
失控	13	絶体絶命	1678460773
失控	14	オルタナティヴ・ロック	1678460773
失控	15	禍災の黎明	1678460773
失控	16	ソルティ・ムーン	1678460773
失控	17	タイムライン	1678460773
星空剧场	1	歌には酒を	1724482866
星空剧场	2	白昼如き夜市の灯り	1724482866
星空剧场	3	旅立ちに胸躍らせて	1724482866
星空剧场	4	合巹記	1724482866
星空剧场	5	眠りにつく鳥たち	1724482866
星空剧场	6	巧詐なき心	1724482866
星空剧场	7	悪鬼冥哭	1724482866
星空剧场	8	百鬼乱舞	1724482866
星空剧场	9	純真の時代	1724482866
星空剧场	10	黄金の時代	1724482866
星空剧场	11	風変わりな紳士	1724482866
星空剧场	12	摩訶不思議	1724482866
星空剧场	13	異形の容器	1724482866
星空剧场	14	原始の黄金	1724482866
星空剧场	15	地底の謎	1724482866
星空剧场	16	冬城の宝	1724482866
星空剧场	17	夢遊	1724482866
星空剧场	18	心の波動	1724482866
星空剧场	19	耐え難き幽閉	1724482866
星空剧场	20	錯綜	1724482866
星空剧场	21	蝕まれし星の古き夢	1724482866
星空剧场	22	宇宙が愛に殉ずる時	1724482866
星空剧场	23	寒鉄と暖陽	1724482866
星空剧场	24	競技場	1724482866
星空剧场	25	「エーテル戦線」へようこそ!	1724482866
星空剧场	26	対決!チャンピオン候補	1724482866
星空剧场	27	決勝の舞台	1724482866
星空剧场	28	対決!トーナメント戦	1724482866
星空剧场	29	対決!チャンピオン	1724482866
星空剧场	30	対決!雪嶺の王者	1724482866
星空剧场2	1	バナーネの歌 (中国語版)	1778657733
星空剧场2	2	バナーネの歌 (日本語版)	1778657733
星空剧场2	3	バナーネの歌 (英語版)	1778657733
星空剧场2	4	バナーネの歌 (韓国語版)	1778657733
星空剧场2	5	群像劇	1778657733
星空剧场2	6	プライベートタイム	1778657733
星空剧场2	7	帆を広げて	1778657733
星空剧场2	8	流星を振るう春花	1778657733
星空剧场2	9	無神論者のミサ	1778657733
星空剧场2	10	倒錯の刻	1778657733
星空剧场2	11	この身、泥梨に堕ちて	1778657733
星空剧场2	12	八寒地獄	1778657733
星空剧场2	13	月に吠える奔狼	1778657733
星空剧场2	14	生苦絶てず、煩悩尽きず	1778657733
星空剧场2	15	雲間遊	1778657733
星空剧场2	16	心月を弓にして	1778657733
星空剧场2	17	天霄からの登臨	1778657733
星空剧场2	18	鋒鋩競う決闘	1778657733
星空剧场2	19	剣葬、生と死の戦い	1778657733
星空剧场2	20	心獣滅却	1778657733
星空剧场2	21	一流は少年より出ずる	1778657733
星空剧场2	22	鮮やかな夢	1778657733
星空剧场2	23	黄昏に飛び立つ	1778657733
星空剧场2	24	皇帝が遺した夢	1778657733
星空剧场2	25	夢の泡ラフティング	1778657733
星空剧场2	26	不眠症	1778657733
星空剧场2	27	漂うリズム	1778657733
星空剧场2	28	果てしなく続く	1778657733
星空剧场2	29	音律絢爛	1778657733
星空剧场2	30	バナーネの歌 (Instrumental)	1778657733
星空剧场3	1	日差しと汗	1870152885
星空剧场3	2	千の面を持つ英雄	1870152885
星空剧场3	3	制御不能な重力	1870152885
星空剧场3	4	華やかな宇宙	1870152885
星空剧场3	5	発射スタート	1870152885
星空剧场3	6	正義の味方	1870152885
星空剧场3	7	聖杯の夜	1870152885
星空剧场3	8	理想郷	1870152885
星空剧场3	9	勝利あるのみ	1870152885
星空剧场3	10	闇を穿つ	1870152885
星空剧场3	11	風と共にあらんことを	1870152885
星空剧场3	12	羽ばたき	1870152885
星空剧场3	13	美しき夢の迷境	1870152885
星空剧场3	14	大地の優しさ	1870152885
星空剧场3	15	神聖なる裁き	1870152885
星空剧场3	16	ウォーミングアップ	1870152885
星空剧场3	17	追いかけっこ	1870152885
星空剧场3	18	名声と富	1870152885
星空剧场3	19	見えざる手	1870152885
星空剧场3	20	戯れ	1870152885
星空剧场3	21	夢の回廊	1870152885
星空剧场3	22	神の降臨	1870152885
星空剧场3	23	蝕まれた夢	1870152885
星空剧场3	24	虚空を歩いて	1870152885
星空剧场3	25	夢魘の凶兆	1870152885
洞穴寓言（上篇）	1	時代の賛歌	1795623388
洞穴寓言（上篇）	2	黎明の足元	1795623388
洞穴寓言（上篇）	3	黄金の血の戦曲	1795623388
洞穴寓言（上篇）	4	波の舞踏会	1795623388
洞穴寓言（上篇）	5	活火	1795623388
洞穴寓言（上篇）	6	神殺し	1795623388
洞穴寓言（上篇）	7	草木遊詠	1795623388
洞穴寓言（上篇）	8	飛翔の間	1795623388
洞穴寓言（上篇）	9	大地の牧歌	1795623388
洞穴寓言（上篇）	10	放浪の旋律	1795623388
洞穴寓言（上篇）	11	運命の輪	1795623388
洞穴寓言（上篇）	12	預言を求めて	1795623388
洞穴寓言（上篇）	13	神々の反響	1795623388
洞穴寓言（上篇）	14	踏みにじられた蛇	1795623388
洞穴寓言（上篇）	15	ブドウの木と山羊	1795623388
洞穴寓言（上篇）	16	預言の囁き	1795623388
洞穴寓言（上篇）	17	誰かが綴った物語	1795623388
洞穴寓言（上篇）	18	道なき道への祈り	1795623388
洞穴寓言（上篇）	19	長い昼の呟き	1795623388
洞穴寓言（上篇）	20	帷の中	1795623388
洞穴寓言（上篇）	21	薄れていく預言	1795623388
洞穴寓言（上篇）	22	記憶の川を織る者	1795623388
洞穴寓言（上篇）	23	沈黙の弦	1795623388
洞穴寓言（上篇）	24	始まりと終わり	1795623388
洞穴寓言（上篇）	25	碑文の在処	1795623388
洞穴寓言（上篇）	26	不死の栄光	1795623388
洞穴寓言（上篇）	27	消えぬ焚き火	1795623388
洞穴寓言（上篇）	28	狼煙の余韻	1795623388
洞穴寓言（上篇）	29	長夜に響く斧の音	1795623388
洞穴寓言（上篇）	30	ゴルゴーに捧ぐ	1795623388
洞穴寓言（上篇）	31	紛争のすべてへ	1795623388
洞穴寓言（上篇）	32	万有の父王	1795623388
洞穴寓言（中篇）	1	刃切に触れて	1815469231
洞穴寓言（中篇）	2	神狩り	1815469231
洞穴寓言（中篇）	3	蒼き知識の海	1815469231
洞穴寓言（中篇）	4	砕かれし俗世	1815469231
洞穴寓言（中篇）	5	散失した書物	1815469231
洞穴寓言（中篇）	6	理性の夕暮れ	1815469231
洞穴寓言（中篇）	7	重圧に踏み入る	1815469231
洞穴寓言（中篇）	8	記憶のために	1815469231
洞穴寓言（中篇）	9	門と道のセレナーデ	1815469231
洞穴寓言（中篇）	10	温かい箱	1815469231
洞穴寓言（中篇）	11	物語とルクマデス	1815469231
洞穴寓言（中篇）	12	乾いた箱	1815469231
洞穴寓言（中篇）	13	明日の胸の中で	1815469231
洞穴寓言（中篇）	14	羊皮の下で	1815469231
洞穴寓言（中篇）	15	紛争を授けん	1815469231
洞穴寓言（中篇）	16	戴冠	1815469231
洞穴寓言（中篇）	17	目覚めた刃	1815469231
洞穴寓言（中篇）	18	吐露の旋律	1815469231
洞穴寓言（中篇）	19	黎明賛歌	1815469231
洞穴寓言（中篇）	20	黎明の崖のアリア	1815469231
洞穴寓言（中篇）	21	神性の探求	1815469231
洞穴寓言（中篇）	22	光なき雲崖	1815469231
洞穴寓言（中篇）	23	ステュクスの低唱	1815469231
洞穴寓言（中篇）	24	ステュクスの哀歌	1815469231
洞穴寓言（中篇）	25	薄暗い長階段	1815469231
洞穴寓言（中篇）	26	黄金	1815469231
洞穴寓言（中篇）	27	巡り合う初めての邂逅	1815469231
洞穴寓言（中篇）	28	死竜の挽歌	1815469231
洞穴寓言（中篇）	29	アンティリンの花言葉	1815469231
洞穴寓言（中篇）	30	一瞬の贈り物	1815469231
洞穴寓言（中篇）	31	寂滅の旋律	1815469231
洞穴寓言（中篇）	32	竜の牙を蒔いて	1815469231
洞穴寓言（中篇）	33	開幕と閉幕	1815469231
洞穴寓言（中篇）	34	聖都の夕日	1815469231
洞穴寓言（中篇）	35	祈りの旋律	1815469231
洞穴寓言（中篇）	36	追いかけっこの即興詩	1815469231
洞穴寓言（中篇）	37	胸に手を	1815469231
洞穴寓言（中篇）	38	飛び交う言葉の間で	1815469231
洞穴寓言（中篇）	39	幽冥の挽歌	1815469231
洞穴寓言（中篇）	40	新しい1ページ	1815469231
洞穴寓言（中篇）	41	果てしない彼方へ	1815469231
洞穴寓言（中篇）	42	暗雲を追い求めて	1815469231
洞穴寓言（中篇）	43	雲雪のバラード	1815469231
洞穴寓言（中篇）	44	陽雷の烈奏	1815469231
洞穴寓言（中篇）	45	稲妻の間を駆けて	1815469231
洞穴寓言（中篇）	46	斬日	1815469231
洞穴寓言（中篇）	47	折翼のフレア	1815469231
洞穴寓言（中篇）	48	光塵の跡	1815469231
洞穴寓言（中篇）	49	払暁	1815469231
洞穴寓言（中篇）	50	払暁 (オフボーカル音源)	1815469231
洞穴寓言（中篇）	51	払暁 (Instrumental)	1815469231
洞穴寓言（下篇）	1	NAME == エンテレケイア	1851939034
洞穴寓言（下篇）	2	迷境	1851939034
洞穴寓言（下篇）	3	故郷	1851939034
洞穴寓言（下篇）	4	楽園の旋律	1851939034
洞穴寓言（下篇）	5	蒼に捧げる賛歌	1851939034
洞穴寓言（下篇）	6	聖林	1851939034
洞穴寓言（下篇）	7	明日の約束	1851939034
洞穴寓言（下篇）	8	闇が蔓延する時	1851939034
洞穴寓言（下篇）	9	凄焰	1851939034
洞穴寓言（下篇）	10	風がまだ温かかった時	1851939034
洞穴寓言（下篇）	11	泡沫の下に	1851939034
洞穴寓言（下篇）	12	凝固した波しぶき (feat. Alkyone)	1851939034
洞穴寓言（下篇）	13	回遊する希望 (feat. Alkyone)	1851939034
洞穴寓言（下篇）	14	堪能せしは夢の饗宴 (feat. Alkyone)	1851939034
洞穴寓言（下篇）	15	帳の向こうの窓	1851939034
洞穴寓言（下篇）	16	往昔のために進む	1851939034
洞穴寓言（下篇）	17	見知らぬ人	1851939034
洞穴寓言（下篇）	18	遠き道、長き夜	1851939034
洞穴寓言（下篇）	19	尽きる炎、継がれる薪	1851939034
洞穴寓言（下篇）	20	征服者の思索	1851939034
洞穴寓言（下篇）	21	微かな光と静かなメロディー	1851939034
洞穴寓言（下篇）	22	13本目のベクトル	1851939034
洞穴寓言（下篇）	23	マトリクス	1851939034
洞穴寓言（下篇）	24	神話の公理	1851939034
洞穴寓言（下篇）	25	バッファゾーン	1851939034
洞穴寓言（下篇）	26	オーバーフローコア	1851939034
洞穴寓言（下篇）	27	明日の創造	1851939034
洞穴寓言（下篇）	28	流動的想念	1851939034
洞穴寓言（下篇）	29	穢れた血	1851939034
洞穴寓言（下篇）	30	位相偏移	1851939034
洞穴寓言（下篇）	31	失速飛行	1851939034
洞穴寓言（下篇）	32	穏やかな長い夢	1851939034
洞穴寓言（下篇）	33	名前のない癒し	1851939034
洞穴寓言（下篇）	34	心と魂	1851939034
洞穴寓言（下篇）	35	万象の名において	1851939034
洞穴寓言（下篇）	36	心の思い出	1851939034
洞穴寓言（下篇）	37	時の隙間の攻防	1851939034
洞穴寓言（下篇）	38	天地に響く龍鳴	1851939034
洞穴寓言（下篇）	39	無瑕なる黄金の血	1851939034
洞穴寓言（下篇）	40	黄金の祝福	1851939034
洞穴寓言（下篇）	41	神々の終着点	1851939034
洞穴寓言（下篇）	42	ウイルス	1851939034
洞穴寓言（下篇）	43	蜃気楼	1851939034
洞穴寓言（下篇）	44	遺恨の蜃気楼	1851939034
洞穴寓言（下篇）	45	剣の墓 (feat. Alexia Evellyn)	1851939034
洞穴寓言（下篇）	46	神の国を焼き尽くす炎	1851939034
洞穴寓言（下篇）	47	苦難が集いし川 (feat. Alexia Evellyn)	1851939034
洞穴寓言（下篇）	48	永遠の1ページ	1851939034
洞穴寓言（下篇）	49	深愛なる世界	1851939034
洞穴寓言（下篇）	50	再創世 (feat. Alexia Evellyn)	1851939034
洞穴寓言（下篇）	51	神の冠を砕け (feat. Alexia Evellyn)	1851939034
洞穴寓言（下篇）	52	世界へ	1851939034
神说要有笑（上篇）	1	コメディ・シンフォニー	1883627761
神说要有笑（上篇）	2	おはよう、二相楽園!	1883627761
神说要有笑（上篇）	3	リラックス電波	1883627761
神说要有笑（上篇）	4	ショッピングチャンネル	1883627761
神说要有笑（上篇）	5	元気注入	1883627761
神说要有笑（上篇）	6	白昼食堂	1883627761
神说要有笑（上篇）	7	別れの交差点	1883627761
神说要有笑（上篇）	8	Meはなんでこの地に住む?	1883627761
神说要有笑（上篇）	9	アートの種	1883627761
神说要有笑（上篇）	10	ペン先の幻想	1883627761
神说要有笑（上篇）	11	埃と秘密	1883627761
神说要有笑（上篇）	12	立ち込める濃霧	1883627761
神说要有笑（上篇）	13	セピア色の思い出	1883627761
神说要有笑（上篇）	14	キラキラ輝く汗	1883627761
神说要有笑（上篇）	15	パブ「ワールドエンド」	1883627761
神说要有笑（上篇）	16	極楽	1883627761
神说要有笑（上篇）	17	楽しもう、この一時を	1883627761
神说要有笑（上篇）	18	魂・骨・肉	1883627761
神说要有笑（上篇）	19	稀代の逸品	1883627761
神说要有笑（上篇）	20	裏路地	1883627761
神说要有笑（上篇）	21	光の裏側	1883627761
神说要有笑（上篇）	22	花の中で見るいつかの夢	1883627761
神说要有笑（上篇）	23	水鏡の月	1883627761
神说要有笑（上篇）	24	禍と福	1883627761
神说要有笑（上篇）	25	未濟	1883627761
神说要有笑（上篇）	26	ゲームスタート	1883627761
神说要有笑（上篇）	27	上上下下左左右右	1883627761
神说要有笑（上篇）	28	オーバー・ザ・スカイライン	1883627761
神说要有笑（上篇）	29	お尋ね者	1883627761
神说要有笑（上篇）	30	白昼夢	1883627761
神说要有笑（上篇）	31	魔術空間	1883627761
神说要有笑（上篇）	32	朧げな真夜中	1883627761
神说要有笑（上篇）	33	チュートリアル	1883627761
神说要有笑（上篇）	34	火力全開	1883627761
神说要有笑（上篇）	35	冷や汗たらり	1883627761
神说要有笑（上篇）	36	凝固した空気	1883627761
神说要有笑（上篇）	37	雑談	1883627761
神说要有笑（上篇）	38	息を殺して	1883627761
神说要有笑（上篇）	39	楽園散歩	1883627761
神说要有笑（上篇）	40	人生の終着駅	1883627761
神说要有笑（上篇）	41	撮れ高稼ぎ	1883627761
神说要有笑（上篇）	42	閃き	1883627761
神说要有笑（上篇）	43	ネットミーム	1883627761
神说要有笑（上篇）	44	究極で完璧なアイドル	1883627761
神说要有笑（中篇）	1	戒めなき繁茂	6790170809
神说要有笑（中篇）	2	死と新生	6790170809
神说要有笑（中篇）	3	ハッピー・ターミナル	6790170809
神说要有笑（中篇）	4	瑞雪	6790170809
神说要有笑（中篇）	5	宴の約束	6790170809
神说要有笑（中篇）	6	指先の躍動	6790170809
神说要有笑（中篇）	7	銀河に舟を浮かばせて	6790170809
神说要有笑（中篇）	8	寒淵に游ぐ龍	6790170809
神说要有笑（中篇）	9	正義対正義	6790170809
神说要有笑（中篇）	10	忘れられた地	6790170809
神说要有笑（中篇）	11	鋼と決意	6790170809
神说要有笑（中篇）	12	ヒーロー集結	6790170809
神说要有笑（中篇）	13	ヒーロー出撃	6790170809
神说要有笑（中篇）	14	真珠を秘めて	6790170809
神说要有笑（中篇）	15	過去は真綿のように	6790170809
神说要有笑（中篇）	16	ハーフ・ホットドリンク	6790170809
神说要有笑（中篇）	17	足折りし傷	6790170809
神说要有笑（中篇）	18	幸福!幸福!	6790170809
神说要有笑（中篇）	19	エンジンの轟音が聞こえる!	6790170809
神说要有笑（中篇）	20	オーバークロックビーツ	6790170809
神说要有笑（中篇）	21	シーサイド・タウン	6790170809
神说要有笑（中篇）	22	ただよう	6790170809
神说要有笑（中篇）	23	虚しい電波	6790170809
神说要有笑（中篇）	24	誰もいない景色	6790170809
神说要有笑（中篇）	25	メディアの時代	6790170809
神说要有笑（中篇）	26	娯楽に殺される	6790170809
神说要有笑（中篇）	27	異次元ハッキング	6790170809
神说要有笑（中篇）	28	舞台裏の人形遣い	6790170809
神说要有笑（中篇）	29	民意の玉座	6790170809
神说要有笑（中篇）	30	衆望の頂	6790170809
神说要有笑（中篇）	31	高みから見下ろす	6790170809
神说要有笑（中篇）	32	地平線の光	6790170809
神说要有笑（中篇）	33	悠遠なる剣歌	6790170809
神说要有笑（中篇）	34	泉隠の秘境	6790170809
神说要有笑（中篇）	35	余白	6790170809
神说要有笑（中篇）	36	ここで生まれ、ここで育つ	6790170809
神说要有笑（中篇）	37	炉の中の故郷	6790170809
神说要有笑（中篇）	38	上の空	6790170809
神说要有笑（中篇）	39	徹骨	6790170809
神说要有笑（中篇）	40	雪と血	6790170809
神说要有笑（中篇）	41	深淵に沈む	6790170809
神说要有笑（中篇）	42	天工鍛錬	6790170809
神说要有笑（中篇）	43	永生を施す	6790170809
神说要有笑（中篇）	44	創始の絵師	6790170809
神说要有笑（中篇）	45	獣の口の縁で	6790170809
神说要有笑（中篇）	46	妖都での狂宴	6790170809
神说要有笑（中篇）	47	つかの間の凪	6790170809
神说要有笑（中篇）	48	空想の廃墟	6790170809
神说要有笑（中篇）	49	雷霆へ手を伸ばす	6790170809
神说要有笑（中篇）	50	黄金分割の午後	6790170809
神说要有笑（中篇）	51	まだ見ぬ青写真	6790170809
神说要有笑（中篇）	52	風化した遠い日の夢	6790170809
神说要有笑（中篇）	53	深い青へのまなざし	6790170809
神说要有笑（中篇）	54	最後の頼み	6790170809
神说要有笑（中篇）	55	墜星の揺りかご	6790170809
神说要有笑（中篇）	56	運命の反問	6790170809
神说要有笑（中篇）	57	多聞我慢	6790170809
神说要有笑（中篇）	58	万色帰空	6790170809
神说要有笑（中篇）	59	寂滅に帰す	6790170809
神说要有笑（中篇）	60	Beyond This Station (feat. 小林未郁)	6790170809
神说要有笑（中篇）	61	Beyond This Station (オフボーカル音源)	6790170809
神说要有笑（中篇）	62	Beyond This Station (Instrumental)	6790170809
长生梦短	1	天下熙熙	1698188146
长生梦短	2	明月邀えて宵宴成す	1698188146
长生梦短	3	雷車動地	1698188146
长生梦短	4	雲陣四合	1698188146
长生梦短	5	星が照らす旅魂	1698188146
长生梦短	6	胸に玉界を	1698188146
长生梦短	7	陣中遊	1698188146
长生梦短	8	ハンターの予見	1698188146
长生梦短	9	片時の眠り	1698188146
长生梦短	10	俯仰に観窮む	1698188146
长生梦短	11	玲瓏精巧	1698188146
长生梦短	12	折衝妙算	1698188146
长生梦短	13	天火同人	1698188146
长生梦短	14	青鋒急急、律令の如く	1698188146
长生梦短	15	鶴唳	1698188146
长生梦短	16	逐鹿	1698188146
长生梦短	17	満天の星槎	1698188146
长生梦短	18	坎離相交わる	1698188146
长生梦短	19	無俗念	1698188146
长生梦短	20	逍遥遊	1698188146
长生梦短	21	煙霞に消え逝く夢	1698188146
长生梦短	22	解脱こそ真諦	1698188146
长生梦短	23	薬王救世陀羅尼	1698188146
长生梦短	24	金鼎折足	1698188146
长生梦短	25	弾剣、飛光、龍影	1698188146
长生梦短	26	古海宮殿跡	1698188146
长生梦短	27	海若、珠を隠す	1698188146
长生梦短	28	玄牝の門、万類の根	1698188146
长生梦短	29	蝉鳴歌・晦冥苦短	1698188146
长生梦短	30	蝉鳴歌・仙骸に果て有り	1698188146
长生梦短	31	蝉鳴歌・長命に絶え無し	1698188146
长生梦短	32	水龍吟 (feat. 优素)	1698188146
长生梦短	33	水龍吟 (Instrumental)	1698188146
雪融于烬	1	余燼	1685338958
雪融于烬	2	炉火	1685338958
雪融于烬	3	喧噪	1685338958
雪融于烬	4	消え逝く太陽	1685338958
雪融于烬	5	寒冷の道	1685338958
雪融于烬	6	秩序	1685338958
雪融于烬	7	冬を破りて	1685338958
雪融于烬	8	暖陽	1685338958
雪融于烬	9	熟睡	1685338958
雪融于烬	10	静かな雪	1685338958
雪融于烬	11	凛冽たる風	1685338958
雪融于烬	12	鍛弦	1685338958
雪融于烬	13	堅氷	1685338958
雪融于烬	14	痕跡を残さぬ雪	1685338958
雪融于烬	15	在りし日の影	1685338958
雪融于烬	16	沈む霜	1685338958
雪融于烬	17	火種	1685338958
雪融于烬	18	地下	1685338958
雪融于烬	19	猛炎	1685338958
雪融于烬	20	戦いが始まる	1685338958
雪融于烬	21	凍てつく涙	1685338958
雪融于烬	22	余熱	1685338958
雪融于烬	23	茫茫	1685338958
雪融于烬	24	教父	1685338958
雪融于烬	25	寒波の下	1685338958
雪融于烬	26	常冬	1685338958
雪融于烬	27	極寒の行軍	1685338958
雪融于烬	28	運命	1685338958
雪融于烬	29	陥陣無帰	1685338958
雪融于烬	30	野火 (feat. Jonathan Steingard)	1685338958
雪融于烬	31	野火 (Instrumental)	1685338958
飞来波的圣状（上篇）	1	俗世の楽園	1749208772
飞来波的圣状（上篇）	2	伏せられたエース	1749208772
飞来波的圣状（上篇）	3	やあ、ドリー!	1749208772
飞来波的圣状（上篇）	4	黄金の地	1749208772
飞来波的圣状（上篇）	5	大いなる眠り	1749208772
飞来波的圣状（上篇）	6	ドリームウォーク	1749208772
飞来波的圣状（上篇）	7	盤面の敵	1749208772
飞来波的圣状（上篇）	8	フェア・ゲーム	1749208772
飞来波的圣状（上篇）	9	もし真夜中に目覚めるのなら	1749208772
飞来波的圣状（上篇）	10	現実原則	1749208772
飞来波的圣状（上篇）	11	快楽原則	1749208772
飞来波的圣状（上篇）	12	白昼への抵抗	1749208772
飞来波的圣状（上篇）	13	読者への挑戦	1749208772
飞来波的圣状（上篇）	14	明晰夢	1749208772
飞来波的圣状（上篇）	15	中途の家	1749208772
飞来波的圣状（上篇）	16	満場の喝采	1749208772
飞来波的圣状（上篇）	17	ミッドナイト・エクスプレス	1749208772
飞来波的圣状（上篇）	18	乱された意思と感情	1749208772
飞来波的圣状（上篇）	19	頂にある町	1749208772
飞来波的圣状（上篇）	20	愚者は二度ベルを鳴らす	1749208772
飞来波的圣状（上篇）	21	水に落ちた犬	1749208772
飞来波的圣状（上篇）	22	潜在夢	1749208772
飞来波的圣状（上篇）	23	記憶の固執の脱構築	1749208772
飞来波的圣状（上篇）	24	公民ハヌヌ	1749208772
飞来波的圣状（上篇）	25	顕在夢	1749208772
飞来波的圣状（上篇）	26	シニフィアン連鎖	1749208772
飞来波的圣状（上篇）	27	ミラーステージ	1749208772
飞来波的圣状（上篇）	28	死への欲動	1749208772
飞来波的圣状（上篇）	29	そして誰も残らない	1749208772
飞来波的圣状（上篇）	30	傷つく誰かの心を守ることができたなら(アンコール)	1749208772
飞来波的圣状（上篇）	31	ワタリガラスの言葉	1749208772
飞来波的圣状（上篇）	32	もう二度とない	1749208772
飞来波的圣状（下篇）	1	夢の用心!	1752841037
飞来波的圣状（下篇）	2	血の掟	1752841037
飞来波的圣状（下篇）	3	神速のハムーツ	1752841037
飞来波的圣状（下篇）	4	チキンレース	1752841037
飞来波的圣状（下篇）	5	堕ちるなら虚無より地獄	1752841037
飞来波的圣状（下篇）	6	不変なる無常	1752841037
飞来波的圣状（下篇）	7	北極星	1752841037
飞来波的圣状（下篇）	8	常夜の浮標	1752841037
飞来波的圣状（下篇）	9	ストレンジャー・ザン・パラダイス	1752841037
飞来波的圣状（下篇）	10	隣り合わせのサイコロダンス	1752841037
飞来波的圣状（下篇）	11	ナッツ・スピード	1752841037
飞来波的圣状（下篇）	12	割れた大地に落ちる	1752841037
飞来波的圣状（下篇）	13	海の中の城	1752841037
飞来波的圣状（下篇）	14	星海浮沈録	1752841037
飞来波的圣状（下篇）	15	役者としての素養	1752841037
飞来波的圣状（下篇）	16	小さなカイザー	1752841037
飞来波的圣状（下篇）	17	高貴なる時間	1752841037
飞来波的圣状（下篇）	18	燃え上がる熱情	1752841037
飞来波的圣状（下篇）	19	娯楽至上	1752841037
飞来波的圣状（下篇）	20	星に照らされた道	1752841037
飞来波的圣状（下篇）	21	籠の鳥	1752841037
飞来波的圣状（下篇）	22	虚ろで荒れた大海	1752841037
飞来波的圣状（下篇）	23	過去、今、そして永遠に続く演目	1752841037
飞来波的圣状（下篇）	24	律は罪の権勢	1752841037
飞来波的圣状（下篇）	25	罪は死の毒針	1752841037
飞来波的圣状（下篇）	26	初めに言葉ありき	1752841037
飞来波的圣状（下篇）	27	悪人は召され、判決を受ける	1752841037
飞来波的圣状（下篇）	28	義人は羊のように迷う	1752841037
飞来波的圣状（下篇）	29	命に永恒なる安らぎを	1752841037
飞来波的圣状（下篇）	30	天の光は永遠に輝く	1752841037
飞来波的圣状（下篇）	31	歓声は雲を貫く	1752841037
飞来波的圣状（下篇）	32	我が脆弱な血肉を堅くせよ	1752841037
飞来波的圣状（下篇）	33	第8交響曲「共に昇りし千の太陽」	1752841037
