专辑中文名	序号	官方韩文曲名(Naver Vibe 官方) 	Vibe专辑id
行于命途1	1	다음 역, 은하계!	30117222
行于命途1	2	자, 사진 찍자!	30117222
行于命途1	3	「너」의 선택	30117222
行于命途1	4	폭발 임박!	30117222
行于命途1	5	곧 떠나는 너에게	30117222
行于命途1	6	우주 코미디	30117222
行于命途1	7	건조 주의보	30117222
行于命途1	8	차갑게 단련된 칼날	30117222
行于命途1	9	별을 쫓는 자	30117222
行于命途1	10	랜도의 이름으로	30117222
行于命途1	11	평온한 밤	30117222
行于命途1	12	별하늘 우화•1	30117222
行于命途1	13	섬광	30117222
行于命途1	14	천지를 장기판으로	30117222
行于命途1	15	은하 유람	30117222
行于命途1	16	재미있네	30117222
行于命途1	17	여행자의 맹세	30117222
行于命途1	18	불멸의 끝	30117222
行于命途1	19	죽음의 도래	30117222
行于命途1	20	드라마틱 아이러니	30117222
行于命途1	21	예페라 반란	30117222
行于命途1	22	천경(天鏡)에 비친 속세	30117222
行于命途1	23	신책부의 모든 일을 관할하는 장군	30117222
行于命途1	24	귀거래(歸去來)	30117222
行于命途1	25	5룡의 원정	30117222
行于命途1	26	현황(玄黃)	30117222
行于命途1	27	완전한 법안	30117222
行于命途1	28	손바닥 속 우주	30117222
行于命途1	29	겨울꿈에서 깨어난 순간	30117222
行于命途1	30	설검(說劍)	30117222
行于命途1	31	검은 돌이킬 수 없다	30117222
行于命途1	32	선발, 계획과 기회	30117222
行于命途1	33	전문가 강의	30117222
行于命途2	1	미리환야담	34561119
行于命途2	2	환혼의 밤	34561119
行于命途2	3	기사 문학	34561119
行于命途2	4	보면 볼수록 새로운 이야기	34561119
行于命途2	5	인간과 신의 면류관	34561119
行于命途2	6	완의 선율이 옷감 위에 내려앉고, 매화가 연지 퍼지듯 피어나네	34561119
行于命途2	7	만물에 흐르는 생명	34561119
行于命途2	8	어리석음의 극치	34561119
行于命途2	9	영원한 불길의 밤: S#33	34561119
行于命途2	10	옛 꿈의 추억	34561119
行于命途2	11	자장가	34561119
行于命途2	12	태평한 새해	34561119
行于命途2	13	좋은꿈 마을에 오신 것을 환영합니다! Part.1	34561119
行于命途2	14	좋은꿈 마을에 오신 것을 환영합니다! Part.2	34561119
行于命途2	15	좋은꿈 마을에 오신 것을 환영합니다! Part.3	34561119
行于命途2	16	모노드라마	34561119
行于命途2	17	스파클: 무대 뒤에서	34561119
行于命途2	18	당신의 색	34561119
行于命途2	19	허담•단칼에 끊어낸 부세	34561119
行于命途2	20	영겁의 춤	34561119
行于命途2	21	심연을 향한 광란의 질주	34561119
行于命途2	22	같이 놀러 가자!	34561119
行于命途3	1	황금의 손	34561108
行于命途3	2	눈물은 잠에서 깬 후에	34561108
行于命途3	3	공연 시작 전	34561108
行于命途3	4	만약 한 쌍의 날개가 있다면	34561108
行于命途3	5	카우보이는 바빠	34561108
行于命途3	6	안녕, 페나코니	34561108
行于命途3	7	꿈의 예술	34561108
行于命途3	8	지금 이 순간, 같은 별하늘 아래	34561108
行于命途3	9	그라모스의 잔화	34561108
行于命途3	10	고치 속 반딧불이	34561108
行于命途3	11	욕망 수집	34561108
行于命途3	12	스톤하트 맹세 반지•저울의 양 끝	34561108
行于命途3	13	청천 위 교차하는 칼끝	34561108
行于命途3	14	어디에나 존재하는 도전	34561108
行于命途3	15	날씨가 건조할 땐 화로를 조심해	34561108
行于命途3	16	뜻밖의 수확	34561108
行于命途3	17	혼을 쏙 빼놓는 밥	34561108
行于命途3	18	천랑을 꿰뚫는 푸른 비황	34561108
行于命途3	19	날아가는 화살은 별을 좇고	34561108
行于命途3	20	여유롭고 편안하게	34561108
行于命途3	21	웃을 일이 아니다	34561108
